[NodeName : FIX,Database : tk2,File Name : H:\DATA STORAGE\wheat\FROM WHEAT PC\tk2.csv,Date : 08.11.2022,Time : 10:35:17],,,,,,,,,,,,,,,,,,,,,,,,,,,,,,,,,,,,,,,,,,,,,,,,,,,,,,,,,,,,,,,,,,,,,
#AI37,DI97,DO1#,,,,,,,,,,,,,,,,,,,,,,,,,,,,,,,,,,,,,,,,,,,,,,,,,,,,,,,,,,,,,,,,,,,,,,,
,,,,,,,,,,,,,,,,,,,,,,,,,,,,,,,,,,,,,,,,,,,,,,,,,,,,,,,,,,,,,,,,,,,,,,,,,
[BLOCK TYPE,Tag,Next block,Description,Initial scan,Scan time,Smoothing,I/O device,H/W options,I/O address,Signal conditioning,Low EGU limit,High EGU limit,EGU tag,Initial A/M status,Alarm enable,Alarm area(s),LOLO alarm limit,LO alarm limit,HI alarm limit,HIHI alarm limit,ROC alarm limit,Dead band,Alarm priority,Enable output,Security area 1,Security area 2,Security area 3,Alarm area 1,Alarm area 2,Alarm area 3,Alarm area 4,Alarm area 5,Alarm area 6,Alarm area 7,Alarm area 8,Alarm area 9,Alarm area 10,Alarm area 11,Alarm area 12,Alarm area 13,Alarm area 14,Alarm area 15,User field 1,User field 2,ESIG type,ESIG allow cont use,ESIG xmpt alarm ack,ESIG unsigned writes,ESIG cmnt required,PDR update rate,PDR access time,PDR deadband,PDR latch,PDR disable output,PDR array length,Hist tag description,Hist collect,Hist interval,Hist offset,Hist time resolution,Hist compression,Hist deadband,Hist compress type,Hist compress time,Scale enabled,Scale clamping,Scale use EGU,Scale raw low,Scale raw high,Scale low,Scale high,Shelve enable,Shelve policy]
!A_NAME,A_TAG,A_NEXT,A_DESC,A_ISCAN,A_SCANT,A_SMOTH,A_IODV,A_IOHT,A_IOAD,A_IOSC,A_ELO,A_EHI,A_EGUDESC,A_IAM,A_IENAB,A_ADI,A_LOLO,A_LO,A_HI,A_HIHI,A_ROC,A_DBAND,A_PRI,A_EOUT,A_SA1,A_SA2,A_SA3,A_AREA1,A_AREA2,A_AREA3,A_AREA4,A_AREA5,A_AREA6,A_AREA7,A_AREA8,A_AREA9,A_AREA10,A_AREA11,A_AREA12,A_AREA13,A_AREA14,A_AREA15,A_ALMEXT1,A_ALMEXT2,A_ESIGTYPE,A_ESIGCONT,A_ESIGACK,A_ESIGTRAP,A_ESIGREQ_COMMENT,A_PDR_UPDATERATE,A_PDR_ACCESSTIME,A_PDR_DEADBAND,A_PDR_LATCHDATA,A_PDR_DISABLEOUT,A_PDR_ARRAYLENGTH,A_HIST_DESC,A_HIST_COLLECT,A_HIST_INTERVAL,A_HIST_OFFSET,A_HIST_TIMERES,A_HIST_COMPRESS,A_HIST_DEADBAND,A_HIST_COMPTYPE,A_HIST_COMPTIME,A_SCALE_ENABLED,A_SCALE_CLAMP,A_SCALE_USEEGU,A_SCALE_RAWLOW,A_SCALE_RAWHIGH,A_SCALE_LOW,A_SCALE_HIGH,A_IALMSHLVENAB,A_ALMSHELVEPOLICY!
AI,A22_AI00,,Показания датчика температуры ДТ1,ON,1,0,GE9,,PAC:AI1,None,0,32 767.00,,AUTO,ENABLE,NONE,0,0,32 767.00,32 767.00,0,1 638.35,LOW,YES,NONE,NONE,NONE,ALL,,,,,,,,,,,,,,,,,NONE,YES,NO,REJECT,NO,1 000,300 000,0,NO,NO,0,,NO,5 000.0,0,Milliseconds,DISABLE,0,Absolute,0,NO,NO,YES,0,65 535.00,0,32 767.00,DISABLE,
AI,A22_AI01,,Показания датчика температуры ДТ2,ON,1,0,GE9,,PAC:AI3,None,0,32 767.00,,AUTO,ENABLE,NONE,0,0,32 767.00,32 767.00,0,1 638.35,LOW,YES,NONE,NONE,NONE,ALL,,,,,,,,,,,,,,,,,NONE,YES,NO,REJECT,NO,1 000,300 000,0,NO,NO,0,,NO,5 000.0,0,Milliseconds,DISABLE,0,Absolute,0,NO,NO,YES,0,65 535.00,0,32 767.00,DISABLE,
AI,A22_AI02,,Показания датчика температуры ДТ3,ON,1,0,GE9,,PAC:AI5,None,0,32 767.00,,AUTO,ENABLE,NONE,0,0,32 767.00,32 767.00,0,1 638.35,LOW,YES,NONE,NONE,NONE,ALL,,,,,,,,,,,,,,,,,NONE,YES,NO,REJECT,NO,1 000,300 000,0,NO,NO,0,,NO,5 000.0,0,Milliseconds,DISABLE,0,Absolute,0,NO,NO,YES,0,65 535.00,0,32 767.00,DISABLE,
AI,A22_AI03,,Показания датчика температуры ДТ4,ON,1,0,GE9,,PAC:AI7,None,0,32 767.00,,AUTO,ENABLE,NONE,0,0,32 767.00,32 767.00,0,1 638.35,LOW,YES,NONE,NONE,NONE,ALL,,,,,,,,,,,,,,,,,NONE,YES,NO,REJECT,NO,1 000,300 000,0,NO,NO,0,,NO,5 000.0,0,Milliseconds,DISABLE,0,Absolute,0,NO,NO,YES,0,65 535.00,0,32 767.00,DISABLE,
AI,A22_AI04,,Показания датчика температуры ДТ5,ON,1,0,GE9,,PAC:AI9,None,0,32 767.00,,AUTO,ENABLE,NONE,0,0,32 767.00,32 767.00,0,1 638.35,LOW,YES,NONE,NONE,NONE,ALL,,,,,,,,,,,,,,,,,NONE,YES,NO,REJECT,NO,1 000,300 000,0,NO,NO,0,,NO,5 000.0,0,Milliseconds,DISABLE,0,Absolute,0,NO,NO,YES,0,65 535.00,0,32 767.00,DISABLE,
AI,A22_AI05,,Показания датчика температуры ДТ6,ON,1,0,GE9,,PAC:AI11,None,0,32 767.00,,AUTO,ENABLE,NONE,0,0,32 767.00,32 767.00,0,1 638.35,LOW,YES,NONE,NONE,NONE,ALL,,,,,,,,,,,,,,,,,NONE,YES,NO,REJECT,NO,1 000,300 000,0,NO,NO,0,,NO,5 000.0,0,Milliseconds,DISABLE,0,Absolute,0,NO,NO,YES,0,65 535.00,0,32 767.00,DISABLE,
AI,A22_AI06,,Показания датчика температуры ДТ7,ON,1,0,GE9,,PAC:AI13,None,0,32 767.00,,AUTO,ENABLE,NONE,0,0,32 767.00,32 767.00,0,1 638.35,LOW,YES,NONE,NONE,NONE,ALL,,,,,,,,,,,,,,,,,NONE,YES,NO,REJECT,NO,1 000,300 000,0,NO,NO,0,,NO,5 000.0,0,Milliseconds,DISABLE,0,Absolute,0,NO,NO,YES,0,65 535.00,0,32 767.00,DISABLE,
AI,A22_AI07,,Показания датчика температуры ДТ8,ON,1,0,GE9,,PAC:AI15,None,0,32 767.00,,AUTO,ENABLE,NONE,0,0,32 767.00,32 767.00,0,1 638.35,LOW,YES,NONE,NONE,NONE,ALL,,,,,,,,,,,,,,,,,NONE,YES,NO,REJECT,NO,1 000,300 000,0,NO,NO,0,,NO,5 000.0,0,Milliseconds,DISABLE,0,Absolute,0,NO,NO,YES,0,65 535.00,0,32 767.00,DISABLE,
AI,A22_AI08,,Показания датчика температуры ДТ9,ON,1,0,GE9,,PAC:AI17,None,0,32 767.00,,AUTO,ENABLE,NONE,0,0,32 767.00,32 767.00,0,1 638.35,LOW,YES,NONE,NONE,NONE,ALL,,,,,,,,,,,,,,,,,NONE,YES,NO,REJECT,NO,1 000,300 000,0,NO,NO,0,,NO,5 000.0,0,Milliseconds,DISABLE,0,Absolute,0,NO,NO,YES,0,65 535.00,0,32 767.00,DISABLE,
AI,A22_AI09,,Показания датчика температуры ДТ10,ON,1,0,GE9,,PAC:AI19,None,0,32 767.00,,AUTO,ENABLE,NONE,0,0,32 767.00,32 767.00,0,1 638.35,LOW,YES,NONE,NONE,NONE,ALL,,,,,,,,,,,,,,,,,NONE,YES,NO,REJECT,NO,1 000,300 000,0,NO,NO,0,,NO,5 000.0,0,Milliseconds,DISABLE,0,Absolute,0,NO,NO,YES,0,65 535.00,0,32 767.00,DISABLE,
AI,A22_AI10,,Показания датчика температуры ДТ11,ON,1,0,GE9,,PAC:AI21,None,0,32 767.00,,AUTO,ENABLE,NONE,0,0,32 767.00,32 767.00,0,1 638.35,LOW,YES,NONE,NONE,NONE,ALL,,,,,,,,,,,,,,,,,NONE,YES,NO,REJECT,NO,1 000,300 000,0,NO,NO,0,,NO,5 000.0,0,Milliseconds,DISABLE,0,Absolute,0,NO,NO,YES,0,65 535.00,0,32 767.00,DISABLE,
AI,A22_AI11,,Показания датчика температуры ДТ12,ON,1,0,GE9,,PAC:AI23,None,0,32 767.00,,AUTO,ENABLE,NONE,0,0,32 767.00,32 767.00,0,1 638.35,LOW,YES,NONE,NONE,NONE,ALL,,,,,,,,,,,,,,,,,NONE,YES,NO,REJECT,NO,1 000,300 000,0,NO,NO,0,,NO,5 000.0,0,Milliseconds,DISABLE,0,Absolute,0,NO,NO,YES,0,65 535.00,0,32 767.00,DISABLE,
AI,A22_AI12,,Показания датчика температуры ДТ13,ON,1,0,GE9,,PAC:AI25,None,0,32 767.00,,AUTO,ENABLE,NONE,0,0,32 767.00,32 767.00,0,1 638.35,LOW,YES,NONE,NONE,NONE,ALL,,,,,,,,,,,,,,,,,NONE,YES,NO,REJECT,NO,1 000,300 000,0,NO,NO,0,,NO,5 000.0,0,Milliseconds,DISABLE,0,Absolute,0,NO,NO,YES,0,65 535.00,0,32 767.00,DISABLE,
AI,A22_AI13,,Показания датчика температуры ДТ14,ON,1,0,GE9,,PAC:AI27,None,0,32 767.00,,AUTO,ENABLE,NONE,0,0,32 767.00,32 767.00,0,1 638.35,LOW,YES,NONE,NONE,NONE,ALL,,,,,,,,,,,,,,,,,NONE,YES,NO,REJECT,NO,1 000,300 000,0,NO,NO,0,,NO,5 000.0,0,Milliseconds,DISABLE,0,Absolute,0,NO,NO,YES,0,65 535.00,0,32 767.00,DISABLE,
AI,A22_AI14,,Показания датчика температуры ДТ15,ON,1,0,GE9,,PAC:AI29,None,0,32 767.00,,AUTO,ENABLE,NONE,0,0,32 767.00,32 767.00,0,1 638.35,LOW,YES,NONE,NONE,NONE,ALL,,,,,,,,,,,,,,,,,NONE,YES,NO,REJECT,NO,1 000,300 000,0,NO,NO,0,,NO,5 000.0,0,Milliseconds,DISABLE,0,Absolute,0,NO,NO,YES,0,65 535.00,0,32 767.00,DISABLE,
AI,A22_AI15,,Показания датчика температуры ДТ16,ON,1,0,GE9,,PAC:AI31,None,0,32 767.00,,AUTO,ENABLE,NONE,0,0,32 767.00,32 767.00,0,1 638.35,LOW,YES,NONE,NONE,NONE,ALL,,,,,,,,,,,,,,,,,NONE,YES,NO,REJECT,NO,1 000,300 000,0,NO,NO,0,,NO,5 000.0,0,Milliseconds,DISABLE,0,Absolute,0,NO,NO,YES,0,65 535.00,0,32 767.00,DISABLE,
AI,A23_AI00,,Показания датчика температуры ДТ17,ON,1,0,GE9,,PAC:AI33,None,0,32 767.00,,AUTO,ENABLE,NONE,0,0,32 767.00,32 767.00,0,1 638.35,LOW,YES,NONE,NONE,NONE,ALL,,,,,,,,,,,,,,,,,NONE,YES,NO,REJECT,NO,1 000,300 000,0,NO,NO,0,,NO,5 000.0,0,Milliseconds,DISABLE,0,Absolute,0,NO,NO,YES,0,65 535.00,0,32 767.00,DISABLE,
AI,A23_AI01,,Показания датчика температуры ДТ18,ON,1,0,GE9,,PAC:AI35,None,0,32 767.00,,AUTO,ENABLE,NONE,0,0,32 767.00,32 767.00,0,1 638.35,LOW,YES,NONE,NONE,NONE,ALL,,,,,,,,,,,,,,,,,NONE,YES,NO,REJECT,NO,1 000,300 000,0,NO,NO,0,,NO,5 000.0,0,Milliseconds,DISABLE,0,Absolute,0,NO,NO,YES,0,65 535.00,0,32 767.00,DISABLE,
AI,A23_AI02,,Показания датчика температуры ДТ19,ON,1,0,GE9,,PAC:AI37,None,0,32 767.00,,AUTO,ENABLE,NONE,0,0,32 767.00,32 767.00,0,1 638.35,LOW,YES,NONE,NONE,NONE,ALL,,,,,,,,,,,,,,,,,NONE,YES,NO,REJECT,NO,1 000,300 000,0,NO,NO,0,,NO,5 000.0,0,Milliseconds,DISABLE,0,Absolute,0,NO,NO,YES,0,65 535.00,0,32 767.00,DISABLE,
AI,A23_AI03,,Показания датчика температуры ДТ20,ON,1,0,GE9,,PAC:AI39,None,0,32 767.00,,AUTO,ENABLE,NONE,0,0,32 767.00,32 767.00,0,1 638.35,LOW,YES,NONE,NONE,NONE,ALL,,,,,,,,,,,,,,,,,NONE,YES,NO,REJECT,NO,1 000,300 000,0,NO,NO,0,,NO,5 000.0,0,Milliseconds,DISABLE,0,Absolute,0,NO,NO,YES,0,65 535.00,0,32 767.00,DISABLE,
AI,A23_AI04,,Текущее положение клапана Regada 4-20мА,ON,1,0,GE9,,PAC:AI41,None,0,32 767.00,,AUTO,ENABLE,NONE,0,0,32 767.00,32 767.00,0,1 638.35,LOW,YES,NONE,NONE,NONE,ALL,,,,,,,,,,,,,,,,,NONE,YES,NO,REJECT,NO,1 000,300 000,0,NO,NO,0,,NO,5 000.0,0,Milliseconds,DISABLE,0,Absolute,0,NO,NO,YES,0,65 535.00,0,32 767.00,DISABLE,
AI,A23_AI05,,Показания датчика давления ДД1,ON,1,0,GE9,,PAC:AI43,None,0,32 767.00,,AUTO,ENABLE,NONE,0,0,32 767.00,32 767.00,0,1 638.35,LOW,YES,NONE,NONE,NONE,ALL,,,,,,,,,,,,,,,,,NONE,YES,NO,REJECT,NO,1 000,300 000,0,NO,NO,0,,NO,5 000.0,0,Milliseconds,DISABLE,0,Absolute,0,NO,NO,YES,0,65 535.00,0,32 767.00,DISABLE,
AI,A23_AI06,,Показания датчика давления ДД2,ON,1,0,GE9,,PAC:AI45,None,0,32 767.00,,AUTO,ENABLE,NONE,0,0,32 767.00,32 767.00,0,1 638.35,LOW,YES,NONE,NONE,NONE,ALL,,,,,,,,,,,,,,,,,NONE,YES,NO,REJECT,NO,1 000,300 000,0,NO,NO,0,,NO,5 000.0,0,Milliseconds,DISABLE,0,Absolute,0,NO,NO,YES,0,65 535.00,0,32 767.00,DISABLE,
AI,A23_AI07,,Показания датчика давления ДД3,ON,1,0,GE9,,PAC:AI47,None,0,32 767.00,,AUTO,ENABLE,NONE,0,0,32 767.00,32 767.00,0,1 638.35,LOW,YES,NONE,NONE,NONE,ALL,,,,,,,,,,,,,,,,,NONE,YES,NO,REJECT,NO,1 000,300 000,0,NO,NO,0,,NO,5 000.0,0,Milliseconds,DISABLE,0,Absolute,0,NO,NO,YES,0,65 535.00,0,32 767.00,DISABLE,
AI,A23_AI08,,Показания датчика давления ДД4,ON,1,0,GE9,,PAC:AI49,None,0,32 767.00,,AUTO,ENABLE,NONE,0,0,32 767.00,32 767.00,0,1 638.35,LOW,YES,NONE,NONE,NONE,ALL,,,,,,,,,,,,,,,,,NONE,YES,NO,REJECT,NO,1 000,300 000,0,NO,NO,0,,NO,5 000.0,0,Milliseconds,DISABLE,0,Absolute,0,NO,NO,YES,0,65 535.00,0,32 767.00,DISABLE,
AI,A23_AI09,,Показания сигнализатора уровня СУ,ON,1,0,GE9,,PAC:AI51,None,0,32 767.00,,AUTO,ENABLE,NONE,0,0,32 767.00,32 767.00,0,1 638.35,LOW,YES,NONE,NONE,NONE,ALL,,,,,,,,,,,,,,,,,NONE,YES,NO,REJECT,NO,1 000,300 000,0,NO,NO,0,,NO,5 000.0,0,Milliseconds,DISABLE,0,Absolute,0,NO,NO,YES,0,65 535.00,0,32 767.00,DISABLE,
AI,A23_AI10,,Показания тока индикации (мост с термопарой) ПИД регулятора 4-20мА,ON,1,0,GE9,,PAC:AI53,None,0,32 767.00,,AUTO,ENABLE,NONE,0,0,32 767.00,32 767.00,0,1 638.35,LOW,YES,NONE,NONE,NONE,ALL,,,,,,,,,,,,,,,,,NONE,YES,NO,REJECT,NO,1 000,300 000,0,NO,NO,0,,NO,5 000.0,0,Milliseconds,DISABLE,0,Absolute,0,NO,NO,YES,0,65 535.00,0,32 767.00,DISABLE,
AI,A23_AI11,,Резерв,ON,1,0,GE9,,PAC:AI55,None,0,32 767.00,,AUTO,ENABLE,NONE,0,0,32 767.00,32 767.00,0,1 638.35,LOW,YES,NONE,NONE,NONE,ALL,,,,,,,,,,,,,,,,,NONE,YES,NO,REJECT,NO,1 000,300 000,0,NO,NO,0,,NO,5 000.0,0,Milliseconds,DISABLE,0,Absolute,0,NO,NO,YES,0,65 535.00,0,32 767.00,DISABLE,
AI,A23_AI12,,Резерв,ON,1,0,GE9,,PAC:AI57,None,0,32 767.00,,AUTO,ENABLE,NONE,0,0,32 767.00,32 767.00,0,1 638.35,LOW,YES,NONE,NONE,NONE,ALL,,,,,,,,,,,,,,,,,NONE,YES,NO,REJECT,NO,1 000,300 000,0,NO,NO,0,,NO,5 000.0,0,Milliseconds,DISABLE,0,Absolute,0,NO,NO,YES,0,65 535.00,0,32 767.00,DISABLE,
AI,A23_AI13,,Резерв,ON,1,0,GE9,,PAC:AI59,None,0,32 767.00,,AUTO,ENABLE,NONE,0,0,32 767.00,32 767.00,0,1 638.35,LOW,YES,NONE,NONE,NONE,ALL,,,,,,,,,,,,,,,,,NONE,YES,NO,REJECT,NO,1 000,300 000,0,NO,NO,0,,NO,5 000.0,0,Milliseconds,DISABLE,0,Absolute,0,NO,NO,YES,0,65 535.00,0,32 767.00,DISABLE,
AI,A23_AI14,,Резерв,ON,1,0,GE9,,PAC:AI61,None,0,32 767.00,,AUTO,ENABLE,NONE,0,0,32 767.00,32 767.00,0,1 638.35,LOW,YES,NONE,NONE,NONE,ALL,,,,,,,,,,,,,,,,,NONE,YES,NO,REJECT,NO,1 000,300 000,0,NO,NO,0,,NO,5 000.0,0,Milliseconds,DISABLE,0,Absolute,0,NO,NO,YES,0,65 535.00,0,32 767.00,DISABLE,
AI,A23_AI15,,Резерв,ON,1,0,GE9,,PAC:AI63,None,0,32 767.00,,AUTO,ENABLE,NONE,0,0,32 767.00,32 767.00,0,1 638.35,LOW,YES,NONE,NONE,NONE,ALL,,,,,,,,,,,,,,,,,NONE,YES,NO,REJECT,NO,1 000,300 000,0,NO,NO,0,,NO,5 000.0,0,Milliseconds,DISABLE,0,Absolute,0,NO,NO,YES,0,65 535.00,0,32 767.00,DISABLE,
AI,A24_AQ00,,Уставка требуемой позиции клапана Regada 4-20мА,ON,1,0,GE9,,PAC:AQ1,None,0,32 767.00,,AUTO,ENABLE,NONE,0,0,32 767.00,32 767.00,0,1 638.35,LOW,YES,NONE,NONE,NONE,ALL,,,,,,,,,,,,,,,,,NONE,YES,NO,REJECT,NO,1 000,300 000,0,NO,NO,0,,NO,5 000.0,0,Milliseconds,DISABLE,0,Absolute,0,NO,NO,YES,0,65 535.00,0,32 767.00,DISABLE,
AI,A24_AQ01,,Резерв,ON,1,0,GE9,,PAC:AQ3,None,0,32 767.00,,AUTO,ENABLE,NONE,0,0,32 767.00,32 767.00,0,1 638.35,LOW,YES,NONE,NONE,NONE,ALL,,,,,,,,,,,,,,,,,NONE,YES,NO,REJECT,NO,1 000,300 000,0,NO,NO,0,,NO,5 000.0,0,Milliseconds,DISABLE,0,Absolute,0,NO,NO,YES,0,65 535.00,0,32 767.00,DISABLE,
AI,A24_AQ02,,Резерв,ON,1,0,GE9,,PAC:AQ5,None,0,32 767.00,,AUTO,ENABLE,NONE,0,0,32 767.00,32 767.00,0,1 638.35,LOW,YES,NONE,NONE,NONE,ALL,,,,,,,,,,,,,,,,,NONE,YES,NO,REJECT,NO,1 000,300 000,0,NO,NO,0,,NO,5 000.0,0,Milliseconds,DISABLE,0,Absolute,0,NO,NO,YES,0,65 535.00,0,32 767.00,DISABLE,
AI,A24_AQ03,,Резерв,ON,1,0,GE9,,PAC:AQ7,None,0,32 767.00,,AUTO,ENABLE,NONE,0,0,32 767.00,32 767.00,0,1 638.35,LOW,YES,NONE,NONE,NONE,ALL,,,,,,,,,,,,,,,,,NONE,YES,NO,REJECT,NO,1 000,300 000,0,NO,NO,0,,NO,5 000.0,0,Milliseconds,DISABLE,0,Absolute,0,NO,NO,YES,0,65 535.00,0,32 767.00,DISABLE,
AI,AI_SIM1,,tag for simulating test,ON,1,0,SIM,,0,,0,100,,AUTO,ENABLE,NONE,0,0,100,100,0,5,LOW,YES,NONE,NONE,NONE,ALL,,,,,,,,,,,,,,,,,NONE,YES,NO,REJECT,NO,1 000,300 000,0,NO,NO,0,,NO,5 000.0,0,Milliseconds,DISABLE,0,Absolute,0,NO,NO,YES,0,65 535,0,100,DISABLE,
,,,,,,,,,,,,,,,,,,,,,,,,,,,,,,,,,,,,,,,,,,,,,,,,,,,,,,,,,,,,,,,,,,,,,,,,,
[BLOCK TYPE,Tag,Next block,Description,I/O device,H/W options,I/O address,Initial A/M status,Initial scan,Scan time,Invert output,Open tag,Close tag,Alarm enable,Alarm area(s),Alarm priority,Alarm type,Event messages,Security area 1,Security area 2,Security area 3,Enable output,Alarm area 1,Alarm area 2,Alarm area 3,Alarm area 4,Alarm area 5,Alarm area 6,Alarm area 7,Alarm area 8,Alarm area 9,Alarm area 10,Alarm area 11,Alarm area 12,Alarm area 13,Alarm area 14,Alarm area 15,User field 1,User field 2,ESIG type,ESIG allow cont use,ESIG xmpt alarm ack,ESIG unsigned writes,ESIG cmnt required,PDR update rate,PDR access time,PDR deadband,PDR latch,PDR disable output,PDR array length,Hist tag description,Hist collect,Hist interval,Hist offset,Hist time resolution,Hist compression,Hist deadband,Hist compress type,Hist compress time,Shelve enable,Shelve policy],,,,,,,,,,,,,
!A_NAME,A_TAG,A_NEXT,A_DESC,A_IODV,A_IOHT,A_IOAD,A_IAM,A_ISCAN,A_SCANT,A_INV,A_OPENDESC,A_CLOSEDESC,A_IENAB,A_ADI,A_PRI,A_ALMCK,A_EVENT,A_SA1,A_SA2,A_SA3,A_EOUT,A_AREA1,A_AREA2,A_AREA3,A_AREA4,A_AREA5,A_AREA6,A_AREA7,A_AREA8,A_AREA9,A_AREA10,A_AREA11,A_AREA12,A_AREA13,A_AREA14,A_AREA15,A_ALMEXT1,A_ALMEXT2,A_ESIGTYPE,A_ESIGCONT,A_ESIGACK,A_ESIGTRAP,A_ESIGREQ_COMMENT,A_PDR_UPDATERATE,A_PDR_ACCESSTIME,A_PDR_DEADBAND,A_PDR_LATCHDATA,A_PDR_DISABLEOUT,A_PDR_ARRAYLENGTH,A_HIST_DESC,A_HIST_COLLECT,A_HIST_INTERVAL,A_HIST_OFFSET,A_HIST_TIMERES,A_HIST_COMPRESS,A_HIST_DEADBAND,A_HIST_COMPTYPE,A_HIST_COMPTIME,A_IALMSHLVENAB,A_ALMSHELVEPOLICY!,,,,,,,,,,,,,
DI,A19_DO00,,Выдача сигнала на закрытие К1,GE9,,PAC:Q1,AUTO,ON,1,NO,On,Off,ENABLE,NONE,LOW,COS,DISABLE,NONE,NONE,NONE,YES,ALL,,,,,,,,,,,,,,,,,NONE,YES,NO,REJECT,NO,1 000,300 000,0,NO,NO,0,,NO,5 000.0,0,Milliseconds,DISABLE,0,Absolute,0,DISABLE,,,,,,,,,,,,,,
DI,A19_DO01,,Выдача сигнала на открытие К1,GE9,,PAC:Q2,AUTO,ON,1,NO,On,Off,ENABLE,NONE,LOW,COS,DISABLE,NONE,NONE,NONE,YES,ALL,,,,,,,,,,,,,,,,,NONE,YES,NO,REJECT,NO,1 000,300 000,0,NO,NO,0,,NO,5 000.0,0,Milliseconds,DISABLE,0,Absolute,0,DISABLE,,,,,,,,,,,,,,
DI,A19_DO02,,Выдача сигнала на останов К1,GE9,,PAC:Q3,AUTO,ON,1,NO,On,Off,ENABLE,NONE,LOW,COS,DISABLE,NONE,NONE,NONE,YES,ALL,,,,,,,,,,,,,,,,,NONE,YES,NO,REJECT,NO,1 000,300 000,0,NO,NO,0,,NO,5 000.0,0,Milliseconds,DISABLE,0,Absolute,0,DISABLE,,,,,,,,,,,,,,
DI,A19_DO03,,Выдача сигнала на закрытие К2,GE9,,PAC:Q4,AUTO,ON,1,NO,On,Off,ENABLE,NONE,LOW,COS,DISABLE,NONE,NONE,NONE,YES,ALL,,,,,,,,,,,,,,,,,NONE,YES,NO,REJECT,NO,1 000,300 000,0,NO,NO,0,,NO,5 000.0,0,Milliseconds,DISABLE,0,Absolute,0,DISABLE,,,,,,,,,,,,,,
DI,A19_DO04,,Выдача сигнала на открытие К2,GE9,,PAC:Q5,AUTO,ON,1,NO,On,Off,ENABLE,NONE,LOW,COS,DISABLE,NONE,NONE,NONE,YES,ALL,,,,,,,,,,,,,,,,,NONE,YES,NO,REJECT,NO,1 000,300 000,0,NO,NO,0,,NO,5 000.0,0,Milliseconds,DISABLE,0,Absolute,0,DISABLE,,,,,,,,,,,,,,
DI,A19_DO05,,Выдача сигнала на останов К2. Программируемый выход. См. Руководство,GE9,,PAC:Q6,AUTO,ON,1,NO,On,Off,ENABLE,NONE,LOW,COS,DISABLE,NONE,NONE,NONE,YES,ALL,,,,,,,,,,,,,,,,,NONE,YES,NO,REJECT,NO,1 000,300 000,0,NO,NO,0,,NO,5 000.0,0,Milliseconds,DISABLE,0,Absolute,0,DISABLE,,,,,,,,,,,,,,
DI,A19_DO06,,Выдача сигнала 2P управление или 2P импульсное. См. Руководство,GE9,,PAC:Q7,AUTO,ON,1,NO,On,Off,ENABLE,NONE,LOW,COS,DISABLE,NONE,NONE,NONE,YES,ALL,,,,,,,,,,,,,,,,,NONE,YES,NO,REJECT,NO,1 000,300 000,0,NO,NO,0,,NO,5 000.0,0,Milliseconds,DISABLE,0,Absolute,0,DISABLE,,,,,,,,,,,,,,
DI,A19_DO07,,Выдача сигнала на закрытие К3,GE9,,PAC:Q8,AUTO,ON,1,NO,On,Off,ENABLE,NONE,LOW,COS,DISABLE,NONE,NONE,NONE,YES,ALL,,,,,,,,,,,,,,,,,NONE,YES,NO,REJECT,NO,1 000,300 000,0,NO,NO,0,,NO,5 000.0,0,Milliseconds,DISABLE,0,Absolute,0,DISABLE,,,,,,,,,,,,,,
DI,A19_DO08,,Выдача сигнала на открытие К3,GE9,,PAC:Q9,AUTO,ON,1,NO,On,Off,ENABLE,NONE,LOW,COS,DISABLE,NONE,NONE,NONE,YES,ALL,,,,,,,,,,,,,,,,,NONE,YES,NO,REJECT,NO,1 000,300 000,0,NO,NO,0,,NO,5 000.0,0,Milliseconds,DISABLE,0,Absolute,0,DISABLE,,,,,,,,,,,,,,
DI,A19_DO09,,Выдача сигнала на останов К3,GE9,,PAC:Q10,AUTO,ON,1,NO,On,Off,ENABLE,NONE,LOW,COS,DISABLE,NONE,NONE,NONE,YES,ALL,,,,,,,,,,,,,,,,,NONE,YES,NO,REJECT,NO,1 000,300 000,0,NO,NO,0,,NO,5 000.0,0,Milliseconds,DISABLE,0,Absolute,0,DISABLE,,,,,,,,,,,,,,
DI,A19_DO10,,Выдача сигнала на закрытие К4,GE9,,PAC:Q11,AUTO,ON,1,NO,On,Off,ENABLE,NONE,LOW,COS,DISABLE,NONE,NONE,NONE,YES,ALL,,,,,,,,,,,,,,,,,NONE,YES,NO,REJECT,NO,1 000,300 000,0,NO,NO,0,,NO,5 000.0,0,Milliseconds,DISABLE,0,Absolute,0,DISABLE,,,,,,,,,,,,,,
DI,A19_DO11,,Выдача сигнала на открытие К4,GE9,,PAC:Q12,AUTO,ON,1,NO,On,Off,ENABLE,NONE,LOW,COS,DISABLE,NONE,NONE,NONE,YES,ALL,,,,,,,,,,,,,,,,,NONE,YES,NO,REJECT,NO,1 000,300 000,0,NO,NO,0,,NO,5 000.0,0,Milliseconds,DISABLE,0,Absolute,0,DISABLE,,,,,,,,,,,,,,
DI,A19_DO12,,Выдача сигнала на останов К4,GE9,,PAC:Q13,AUTO,ON,1,NO,On,Off,ENABLE,NONE,LOW,COS,DISABLE,NONE,NONE,NONE,YES,ALL,,,,,,,,,,,,,,,,,NONE,YES,NO,REJECT,NO,1 000,300 000,0,NO,NO,0,,NO,5 000.0,0,Milliseconds,DISABLE,0,Absolute,0,DISABLE,,,,,,,,,,,,,,
DI,A19_DO13,,Выдача сигнала на закрытие К5,GE9,,PAC:Q14,AUTO,ON,1,NO,On,Off,ENABLE,NONE,LOW,COS,DISABLE,NONE,NONE,NONE,YES,ALL,,,,,,,,,,,,,,,,,NONE,YES,NO,REJECT,NO,1 000,300 000,0,NO,NO,0,,NO,5 000.0,0,Milliseconds,DISABLE,0,Absolute,0,DISABLE,,,,,,,,,,,,,,
DI,A19_DO14,,Выдача сигнала на открытие К5,GE9,,PAC:Q15,AUTO,ON,1,NO,On,Off,ENABLE,NONE,LOW,COS,DISABLE,NONE,NONE,NONE,YES,ALL,,,,,,,,,,,,,,,,,NONE,YES,NO,REJECT,NO,1 000,300 000,0,NO,NO,0,,NO,5 000.0,0,Milliseconds,DISABLE,0,Absolute,0,DISABLE,,,,,,,,,,,,,,
DI,A19_DO15,,Выдача сигнала на останов К5,GE9,,PAC:Q16,AUTO,ON,1,NO,On,Off,ENABLE,NONE,LOW,COS,DISABLE,NONE,NONE,NONE,YES,ALL,,,,,,,,,,,,,,,,,NONE,YES,NO,REJECT,NO,1 000,300 000,0,NO,NO,0,,NO,5 000.0,0,Milliseconds,DISABLE,0,Absolute,0,DISABLE,,,,,,,,,,,,,,
DI,A19_DO16,,Управляющий сигнал D1 на ПИД регулятор. См. Руководство РТЭ-41Р,GE9,,PAC:Q17,AUTO,ON,1,NO,On,Off,ENABLE,NONE,LOW,COS,DISABLE,NONE,NONE,NONE,YES,ALL,,,,,,,,,,,,,,,,,NONE,YES,NO,REJECT,NO,1 000,300 000,0,NO,NO,0,,NO,5 000.0,0,Milliseconds,DISABLE,0,Absolute,0,DISABLE,,,,,,,,,,,,,,
DI,A19_DO17,,Управляющий сигнал D2 на ПИД регулятор. См. Руководство РТЭ-41Р,GE9,,PAC:Q18,AUTO,ON,1,NO,On,Off,ENABLE,NONE,LOW,COS,DISABLE,NONE,NONE,NONE,YES,ALL,,,,,,,,,,,,,,,,,NONE,YES,NO,REJECT,NO,1 000,300 000,0,NO,NO,0,,NO,5 000.0,0,Milliseconds,DISABLE,0,Absolute,0,DISABLE,,,,,,,,,,,,,,
DI,A19_DO18,,Резерв,GE9,,PAC:Q19,AUTO,ON,1,NO,On,Off,ENABLE,NONE,LOW,COS,DISABLE,NONE,NONE,NONE,YES,ALL,,,,,,,,,,,,,,,,,NONE,YES,NO,REJECT,NO,1 000,300 000,0,NO,NO,0,,NO,5 000.0,0,Milliseconds,DISABLE,0,Absolute,0,DISABLE,,,,,,,,,,,,,,
DI,A19_DO19,,Резерв,GE9,,PAC:Q20,AUTO,ON,1,NO,On,Off,ENABLE,NONE,LOW,COS,DISABLE,NONE,NONE,NONE,YES,ALL,,,,,,,,,,,,,,,,,NONE,YES,NO,REJECT,NO,1 000,300 000,0,NO,NO,0,,NO,5 000.0,0,Milliseconds,DISABLE,0,Absolute,0,DISABLE,,,,,,,,,,,,,,
DI,A19_DO20,,Резерв,GE9,,PAC:Q21,AUTO,ON,1,NO,On,Off,ENABLE,NONE,LOW,COS,DISABLE,NONE,NONE,NONE,YES,ALL,,,,,,,,,,,,,,,,,NONE,YES,NO,REJECT,NO,1 000,300 000,0,NO,NO,0,,NO,5 000.0,0,Milliseconds,DISABLE,0,Absolute,0,DISABLE,,,,,,,,,,,,,,
DI,A19_DO21,,Резерв,GE9,,PAC:Q22,AUTO,ON,1,NO,On,Off,ENABLE,NONE,LOW,COS,DISABLE,NONE,NONE,NONE,YES,ALL,,,,,,,,,,,,,,,,,NONE,YES,NO,REJECT,NO,1 000,300 000,0,NO,NO,0,,NO,5 000.0,0,Milliseconds,DISABLE,0,Absolute,0,DISABLE,,,,,,,,,,,,,,
DI,A19_DO22,,Резерв,GE9,,PAC:Q23,AUTO,ON,1,NO,On,Off,ENABLE,NONE,LOW,COS,DISABLE,NONE,NONE,NONE,YES,ALL,,,,,,,,,,,,,,,,,NONE,YES,NO,REJECT,NO,1 000,300 000,0,NO,NO,0,,NO,5 000.0,0,Milliseconds,DISABLE,0,Absolute,0,DISABLE,,,,,,,,,,,,,,
DI,A19_DO23,,Резерв,GE9,,PAC:Q24,AUTO,ON,1,NO,On,Off,ENABLE,NONE,LOW,COS,DISABLE,NONE,NONE,NONE,YES,ALL,,,,,,,,,,,,,,,,,NONE,YES,NO,REJECT,NO,1 000,300 000,0,NO,NO,0,,NO,5 000.0,0,Milliseconds,DISABLE,0,Absolute,0,DISABLE,,,,,,,,,,,,,,
DI,A19_DO24,,Резерв,GE9,,PAC:Q25,AUTO,ON,1,NO,On,Off,ENABLE,NONE,LOW,COS,DISABLE,NONE,NONE,NONE,YES,ALL,,,,,,,,,,,,,,,,,NONE,YES,NO,REJECT,NO,1 000,300 000,0,NO,NO,0,,NO,5 000.0,0,Milliseconds,DISABLE,0,Absolute,0,DISABLE,,,,,,,,,,,,,,
DI,A19_DO25,,Резерв,GE9,,PAC:Q26,AUTO,ON,1,NO,On,Off,ENABLE,NONE,LOW,COS,DISABLE,NONE,NONE,NONE,YES,ALL,,,,,,,,,,,,,,,,,NONE,YES,NO,REJECT,NO,1 000,300 000,0,NO,NO,0,,NO,5 000.0,0,Milliseconds,DISABLE,0,Absolute,0,DISABLE,,,,,,,,,,,,,,
DI,A19_DO26,,Резерв,GE9,,PAC:Q27,AUTO,ON,1,NO,On,Off,ENABLE,NONE,LOW,COS,DISABLE,NONE,NONE,NONE,YES,ALL,,,,,,,,,,,,,,,,,NONE,YES,NO,REJECT,NO,1 000,300 000,0,NO,NO,0,,NO,5 000.0,0,Milliseconds,DISABLE,0,Absolute,0,DISABLE,,,,,,,,,,,,,,
DI,A19_DO27,,Резерв,GE9,,PAC:Q28,AUTO,ON,1,NO,On,Off,ENABLE,NONE,LOW,COS,DISABLE,NONE,NONE,NONE,YES,ALL,,,,,,,,,,,,,,,,,NONE,YES,NO,REJECT,NO,1 000,300 000,0,NO,NO,0,,NO,5 000.0,0,Milliseconds,DISABLE,0,Absolute,0,DISABLE,,,,,,,,,,,,,,
DI,A19_DO28,,Резерв,GE9,,PAC:Q29,AUTO,ON,1,NO,On,Off,ENABLE,NONE,LOW,COS,DISABLE,NONE,NONE,NONE,YES,ALL,,,,,,,,,,,,,,,,,NONE,YES,NO,REJECT,NO,1 000,300 000,0,NO,NO,0,,NO,5 000.0,0,Milliseconds,DISABLE,0,Absolute,0,DISABLE,,,,,,,,,,,,,,
DI,A19_DO29,,Резерв,GE9,,PAC:Q30,AUTO,ON,1,NO,On,Off,ENABLE,NONE,LOW,COS,DISABLE,NONE,NONE,NONE,YES,ALL,,,,,,,,,,,,,,,,,NONE,YES,NO,REJECT,NO,1 000,300 000,0,NO,NO,0,,NO,5 000.0,0,Milliseconds,DISABLE,0,Absolute,0,DISABLE,,,,,,,,,,,,,,
DI,A19_DO30,,Резерв,GE9,,PAC:Q31,AUTO,ON,1,NO,On,Off,ENABLE,NONE,LOW,COS,DISABLE,NONE,NONE,NONE,YES,ALL,,,,,,,,,,,,,,,,,NONE,YES,NO,REJECT,NO,1 000,300 000,0,NO,NO,0,,NO,5 000.0,0,Milliseconds,DISABLE,0,Absolute,0,DISABLE,,,,,,,,,,,,,,
DI,A19_DO31,,Резерв,GE9,,PAC:Q32,AUTO,ON,1,NO,On,Off,ENABLE,NONE,LOW,COS,DISABLE,NONE,NONE,NONE,YES,ALL,,,,,,,,,,,,,,,,,NONE,YES,NO,REJECT,NO,1 000,300 000,0,NO,NO,0,,NO,5 000.0,0,Milliseconds,DISABLE,0,Absolute,0,DISABLE,,,,,,,,,,,,,,
DI,A20_DI00,,Прием сигнала K1 закрыт,GE9,,PAC:I81,AUTO,ON,1,NO,On,Off,ENABLE,NONE,LOW,COS,DISABLE,NONE,NONE,NONE,YES,ALL,,,,,,,,,,,,,,,,,NONE,YES,NO,REJECT,NO,1 000,300 000,0,NO,NO,0,,NO,5 000.0,0,Milliseconds,DISABLE,0,Absolute,0,DISABLE,,,,,,,,,,,,,,
DI,A20_DI01,,Прием сигнала K1 открыт,GE9,,PAC:I82,AUTO,ON,1,NO,On,Off,ENABLE,NONE,LOW,COS,DISABLE,NONE,NONE,NONE,YES,ALL,,,,,,,,,,,,,,,,,NONE,YES,NO,REJECT,NO,1 000,300 000,0,NO,NO,0,,NO,5 000.0,0,Milliseconds,DISABLE,0,Absolute,0,DISABLE,,,,,,,,,,,,,,
DI,A20_DI02,,Прием сигнала K1 в режиме местного управления,GE9,,PAC:I83,AUTO,ON,1,NO,On,Off,ENABLE,NONE,LOW,COS,DISABLE,NONE,NONE,NONE,YES,ALL,,,,,,,,,,,,,,,,,NONE,YES,NO,REJECT,NO,1 000,300 000,0,NO,NO,0,,NO,5 000.0,0,Milliseconds,DISABLE,0,Absolute,0,DISABLE,,,,,,,,,,,,,,
DI,A20_DI03,,Прием сигнала K1 в режиме удаленного управления,GE9,,PAC:I84,AUTO,ON,1,NO,On,Off,ENABLE,NONE,LOW,COS,DISABLE,NONE,NONE,NONE,YES,ALL,,,,,,,,,,,,,,,,,NONE,YES,NO,REJECT,NO,1 000,300 000,0,NO,NO,0,,NO,5 000.0,0,Milliseconds,DISABLE,0,Absolute,0,DISABLE,,,,,,,,,,,,,,
DI,A20_DI04,,Прием сигнала общего сбоя K1,GE9,,PAC:I85,AUTO,ON,1,NO,On,Off,ENABLE,NONE,LOW,COS,DISABLE,NONE,NONE,NONE,YES,ALL,,,,,,,,,,,,,,,,,NONE,YES,NO,REJECT,NO,1 000,300 000,0,NO,NO,0,,NO,5 000.0,0,Milliseconds,DISABLE,0,Absolute,0,DISABLE,,,,,,,,,,,,,,
DI,A20_DI05,,Прием сигнала общей готовности K1,GE9,,PAC:I86,AUTO,ON,1,NO,On,Off,ENABLE,NONE,LOW,COS,DISABLE,NONE,NONE,NONE,YES,ALL,,,,,,,,,,,,,,,,,NONE,YES,NO,REJECT,NO,1 000,300 000,0,NO,NO,0,,NO,5 000.0,0,Milliseconds,DISABLE,0,Absolute,0,DISABLE,,,,,,,,,,,,,,
DI,A20_DI06,,Прием сигнала сбоя К2. Программируемый. См. Руководство ULR1PAEX,GE9,,PAC:I87,AUTO,ON,1,NO,On,Off,ENABLE,NONE,LOW,COS,DISABLE,NONE,NONE,NONE,YES,ALL,,,,,,,,,,,,,,,,,NONE,YES,NO,REJECT,NO,1 000,300 000,0,NO,NO,0,,NO,5 000.0,0,Milliseconds,DISABLE,0,Absolute,0,DISABLE,,,,,,,,,,,,,,
DI,A20_DI07,,Прием сигнала открытого положения К2. Программируемый. См. Рук.,GE9,,PAC:I88,AUTO,ON,1,NO,On,Off,ENABLE,NONE,LOW,COS,DISABLE,NONE,NONE,NONE,YES,ALL,,,,,,,,,,,,,,,,,NONE,YES,NO,REJECT,NO,1 000,300 000,0,NO,NO,0,,NO,5 000.0,0,Milliseconds,DISABLE,0,Absolute,0,DISABLE,,,,,,,,,,,,,,
DI,A20_DI08,,Прием сигнала закрытого положения К2. Программируемый. См. Рук.,GE9,,PAC:I89,AUTO,ON,1,NO,On,Off,ENABLE,NONE,LOW,COS,DISABLE,NONE,NONE,NONE,YES,ALL,,,,,,,,,,,,,,,,,NONE,YES,NO,REJECT,NO,1 000,300 000,0,NO,NO,0,,NO,5 000.0,0,Milliseconds,DISABLE,0,Absolute,0,DISABLE,,,,,,,,,,,,,,
DI,A20_DI09,,Прием сигнала K3 закрыт,GE9,,PAC:I90,AUTO,ON,1,NO,On,Off,ENABLE,NONE,LOW,COS,DISABLE,NONE,NONE,NONE,YES,ALL,,,,,,,,,,,,,,,,,NONE,YES,NO,REJECT,NO,1 000,300 000,0,NO,NO,0,,NO,5 000.0,0,Milliseconds,DISABLE,0,Absolute,0,DISABLE,,,,,,,,,,,,,,
DI,A20_DI10,,Прием сигнала K3 открыт,GE9,,PAC:I91,AUTO,ON,1,NO,On,Off,ENABLE,NONE,LOW,COS,DISABLE,NONE,NONE,NONE,YES,ALL,,,,,,,,,,,,,,,,,NONE,YES,NO,REJECT,NO,1 000,300 000,0,NO,NO,0,,NO,5 000.0,0,Milliseconds,DISABLE,0,Absolute,0,DISABLE,,,,,,,,,,,,,,
DI,A20_DI11,,Прием сигнала K3 в режиме местного управления,GE9,,PAC:I92,AUTO,ON,1,NO,On,Off,ENABLE,NONE,LOW,COS,DISABLE,NONE,NONE,NONE,YES,ALL,,,,,,,,,,,,,,,,,NONE,YES,NO,REJECT,NO,1 000,300 000,0,NO,NO,0,,NO,5 000.0,0,Milliseconds,DISABLE,0,Absolute,0,DISABLE,,,,,,,,,,,,,,
DI,A20_DI12,,Прием сигнала K3 в режиме удаленного управления,GE9,,PAC:I93,AUTO,ON,1,NO,On,Off,ENABLE,NONE,LOW,COS,DISABLE,NONE,NONE,NONE,YES,ALL,,,,,,,,,,,,,,,,,NONE,YES,NO,REJECT,NO,1 000,300 000,0,NO,NO,0,,NO,5 000.0,0,Milliseconds,DISABLE,0,Absolute,0,DISABLE,,,,,,,,,,,,,,
DI,A20_DI13,,Прием сигнала общего сбоя K3,GE9,,PAC:I94,AUTO,ON,1,NO,On,Off,ENABLE,NONE,LOW,COS,DISABLE,NONE,NONE,NONE,YES,ALL,,,,,,,,,,,,,,,,,NONE,YES,NO,REJECT,NO,1 000,300 000,0,NO,NO,0,,NO,5 000.0,0,Milliseconds,DISABLE,0,Absolute,0,DISABLE,,,,,,,,,,,,,,
DI,A20_DI14,,Прием сигнала общей готовности K3,GE9,,PAC:I95,AUTO,ON,1,NO,On,Off,ENABLE,NONE,LOW,COS,DISABLE,NONE,NONE,NONE,YES,ALL,,,,,,,,,,,,,,,,,NONE,YES,NO,REJECT,NO,1 000,300 000,0,NO,NO,0,,NO,5 000.0,0,Milliseconds,DISABLE,0,Absolute,0,DISABLE,,,,,,,,,,,,,,
DI,A20_DI15,,Прием сигнала K4 закрыт,GE9,,PAC:I96,AUTO,ON,1,NO,On,Off,ENABLE,NONE,LOW,COS,DISABLE,NONE,NONE,NONE,YES,ALL,,,,,,,,,,,,,,,,,NONE,YES,NO,REJECT,NO,1 000,300 000,0,NO,NO,0,,NO,5 000.0,0,Milliseconds,DISABLE,0,Absolute,0,DISABLE,,,,,,,,,,,,,,
DI,A20_DI16,,Прием сигнала K4 открыт,GE9,,PAC:I97,AUTO,ON,1,NO,On,Off,ENABLE,NONE,LOW,COS,DISABLE,NONE,NONE,NONE,YES,ALL,,,,,,,,,,,,,,,,,NONE,YES,NO,REJECT,NO,1 000,300 000,0,NO,NO,0,,NO,5 000.0,0,Milliseconds,DISABLE,0,Absolute,0,DISABLE,,,,,,,,,,,,,,
DI,A20_DI17,,Прием сигнала K4 в режиме местного управления,GE9,,PAC:I98,AUTO,ON,1,NO,On,Off,ENABLE,NONE,LOW,COS,DISABLE,NONE,NONE,NONE,YES,ALL,,,,,,,,,,,,,,,,,NONE,YES,NO,REJECT,NO,1 000,300 000,0,NO,NO,0,,NO,5 000.0,0,Milliseconds,DISABLE,0,Absolute,0,DISABLE,,,,,,,,,,,,,,
DI,A20_DI18,,Прием сигнала K4 в режиме удаленного управления,GE9,,PAC:I99,AUTO,ON,1,NO,On,Off,ENABLE,NONE,LOW,COS,DISABLE,NONE,NONE,NONE,YES,ALL,,,,,,,,,,,,,,,,,NONE,YES,NO,REJECT,NO,1 000,300 000,0,NO,NO,0,,NO,5 000.0,0,Milliseconds,DISABLE,0,Absolute,0,DISABLE,,,,,,,,,,,,,,
DI,A20_DI19,,Прием сигнала общего сбоя K4,GE9,,PAC:I100,AUTO,ON,1,NO,On,Off,ENABLE,NONE,LOW,COS,DISABLE,NONE,NONE,NONE,YES,ALL,,,,,,,,,,,,,,,,,NONE,YES,NO,REJECT,NO,1 000,300 000,0,NO,NO,0,,NO,5 000.0,0,Milliseconds,DISABLE,0,Absolute,0,DISABLE,,,,,,,,,,,,,,
DI,A20_DI20,,Прием сигнала общей готовности K4,GE9,,PAC:I101,AUTO,ON,1,NO,On,Off,ENABLE,NONE,LOW,COS,DISABLE,NONE,NONE,NONE,YES,ALL,,,,,,,,,,,,,,,,,NONE,YES,NO,REJECT,NO,1 000,300 000,0,NO,NO,0,,NO,5 000.0,0,Milliseconds,DISABLE,0,Absolute,0,DISABLE,,,,,,,,,,,,,,
DI,A20_DI21,,Прием сигнала K5 закрыт,GE9,,PAC:I102,AUTO,ON,1,NO,On,Off,ENABLE,NONE,LOW,COS,DISABLE,NONE,NONE,NONE,YES,ALL,,,,,,,,,,,,,,,,,NONE,YES,NO,REJECT,NO,1 000,300 000,0,NO,NO,0,,NO,5 000.0,0,Milliseconds,DISABLE,0,Absolute,0,DISABLE,,,,,,,,,,,,,,
DI,A20_DI22,,Прием сигнала K5 открыт,GE9,,PAC:I103,AUTO,ON,1,NO,On,Off,ENABLE,NONE,LOW,COS,DISABLE,NONE,NONE,NONE,YES,ALL,,,,,,,,,,,,,,,,,NONE,YES,NO,REJECT,NO,1 000,300 000,0,NO,NO,0,,NO,5 000.0,0,Milliseconds,DISABLE,0,Absolute,0,DISABLE,,,,,,,,,,,,,,
DI,A20_DI23,,Прием сигнала K5 в режиме местного управления,GE9,,PAC:I104,AUTO,ON,1,NO,On,Off,ENABLE,NONE,LOW,COS,DISABLE,NONE,NONE,NONE,YES,ALL,,,,,,,,,,,,,,,,,NONE,YES,NO,REJECT,NO,1 000,300 000,0,NO,NO,0,,NO,5 000.0,0,Milliseconds,DISABLE,0,Absolute,0,DISABLE,,,,,,,,,,,,,,
DI,A20_DI24,,Прием сигнала K5 в режиме удаленного управления,GE9,,PAC:I105,AUTO,ON,1,NO,On,Off,ENABLE,NONE,LOW,COS,DISABLE,NONE,NONE,NONE,YES,ALL,,,,,,,,,,,,,,,,,NONE,YES,NO,REJECT,NO,1 000,300 000,0,NO,NO,0,,NO,5 000.0,0,Milliseconds,DISABLE,0,Absolute,0,DISABLE,,,,,,,,,,,,,,
DI,A20_DI25,,Прием сигнала общего сбоя K5,GE9,,PAC:I106,AUTO,ON,1,NO,On,Off,ENABLE,NONE,LOW,COS,DISABLE,NONE,NONE,NONE,YES,ALL,,,,,,,,,,,,,,,,,NONE,YES,NO,REJECT,NO,1 000,300 000,0,NO,NO,0,,NO,5 000.0,0,Milliseconds,DISABLE,0,Absolute,0,DISABLE,,,,,,,,,,,,,,
DI,A20_DI26,,Прием сигнала общей готовности K5,GE9,,PAC:I107,AUTO,ON,1,NO,On,Off,ENABLE,NONE,LOW,COS,DISABLE,NONE,NONE,NONE,YES,ALL,,,,,,,,,,,,,,,,,NONE,YES,NO,REJECT,NO,1 000,300 000,0,NO,NO,0,,NO,5 000.0,0,Milliseconds,DISABLE,0,Absolute,0,DISABLE,,,,,,,,,,,,,,
DI,A20_DI27,,Резерв,GE9,,PAC:I108,AUTO,ON,1,NO,On,Off,ENABLE,NONE,LOW,COS,DISABLE,NONE,NONE,NONE,YES,ALL,,,,,,,,,,,,,,,,,NONE,YES,NO,REJECT,NO,1 000,300 000,0,NO,NO,0,,NO,5 000.0,0,Milliseconds,DISABLE,0,Absolute,0,DISABLE,,,,,,,,,,,,,,
DI,A20_DI28,,Резерв KD. Уточнить назначение,GE9,,PAC:I109,AUTO,ON,1,NO,On,Off,ENABLE,NONE,LOW,COS,DISABLE,NONE,NONE,NONE,YES,ALL,,,,,,,,,,,,,,,,,NONE,YES,NO,REJECT,NO,1 000,300 000,0,NO,NO,0,,NO,5 000.0,0,Milliseconds,DISABLE,0,Absolute,0,DISABLE,,,,,,,,,,,,,,
DI,A20_DI29,,Резерв G1. Уточнить назначение,GE9,,PAC:I110,AUTO,ON,1,NO,On,Off,ENABLE,NONE,LOW,COS,DISABLE,NONE,NONE,NONE,YES,ALL,,,,,,,,,,,,,,,,,NONE,YES,NO,REJECT,NO,1 000,300 000,0,NO,NO,0,,NO,5 000.0,0,Milliseconds,DISABLE,0,Absolute,0,DISABLE,,,,,,,,,,,,,,
DI,A20_DI30,,Резерв G2. Уточнить назначение,GE9,,PAC:I111,AUTO,ON,1,NO,On,Off,ENABLE,NONE,LOW,COS,DISABLE,NONE,NONE,NONE,YES,ALL,,,,,,,,,,,,,,,,,NONE,YES,NO,REJECT,NO,1 000,300 000,0,NO,NO,0,,NO,5 000.0,0,Milliseconds,DISABLE,0,Absolute,0,DISABLE,,,,,,,,,,,,,,
DI,A20_DI31,,Резерв Fault KFD2. Уточнить назначение,GE9,,PAC:I112,AUTO,ON,1,NO,On,Off,ENABLE,NONE,LOW,COS,DISABLE,NONE,NONE,NONE,YES,ALL,,,,,,,,,,,,,,,,,NONE,YES,NO,REJECT,NO,1 000,300 000,0,NO,NO,0,,NO,5 000.0,0,Milliseconds,DISABLE,0,Absolute,0,DISABLE,,,,,,,,,,,,,,
DI,A21_DI00,,Свободно программируемое реле,GE9,,PAC:I113,AUTO,ON,1,NO,On,Off,ENABLE,NONE,LOW,COS,DISABLE,NONE,NONE,NONE,YES,ALL,,,,,,,,,,,,,,,,,NONE,YES,NO,REJECT,NO,1 000,300 000,0,NO,NO,0,,NO,5 000.0,0,Milliseconds,DISABLE,0,Absolute,0,DISABLE,,,,,,,,,,,,,,
DI,A21_DI01,,Свободно программируемое реле,GE9,,PAC:I114,AUTO,ON,1,NO,On,Off,ENABLE,NONE,LOW,COS,DISABLE,NONE,NONE,NONE,YES,ALL,,,,,,,,,,,,,,,,,NONE,YES,NO,REJECT,NO,1 000,300 000,0,NO,NO,0,,NO,5 000.0,0,Milliseconds,DISABLE,0,Absolute,0,DISABLE,,,,,,,,,,,,,,
DI,A21_DI02,,Свободно программируемое реле,GE9,,PAC:I115,AUTO,ON,1,NO,On,Off,ENABLE,NONE,LOW,COS,DISABLE,NONE,NONE,NONE,YES,ALL,,,,,,,,,,,,,,,,,NONE,YES,NO,REJECT,NO,1 000,300 000,0,NO,NO,0,,NO,5 000.0,0,Milliseconds,DISABLE,0,Absolute,0,DISABLE,,,,,,,,,,,,,,
DI,A21_DI03,,Свободно программируемое реле,GE9,,PAC:I116,AUTO,ON,1,NO,On,Off,ENABLE,NONE,LOW,COS,DISABLE,NONE,NONE,NONE,YES,ALL,,,,,,,,,,,,,,,,,NONE,YES,NO,REJECT,NO,1 000,300 000,0,NO,NO,0,,NO,5 000.0,0,Milliseconds,DISABLE,0,Absolute,0,DISABLE,,,,,,,,,,,,,,
DI,A21_DI04,,Свободно программируемое реле,GE9,,PAC:I117,AUTO,ON,1,NO,On,Off,ENABLE,NONE,LOW,COS,DISABLE,NONE,NONE,NONE,YES,ALL,,,,,,,,,,,,,,,,,NONE,YES,NO,REJECT,NO,1 000,300 000,0,NO,NO,0,,NO,5 000.0,0,Milliseconds,DISABLE,0,Absolute,0,DISABLE,,,,,,,,,,,,,,
DI,A21_DI05,,Свободно программируемое реле,GE9,,PAC:I118,AUTO,ON,1,NO,On,Off,ENABLE,NONE,LOW,COS,DISABLE,NONE,NONE,NONE,YES,ALL,,,,,,,,,,,,,,,,,NONE,YES,NO,REJECT,NO,1 000,300 000,0,NO,NO,0,,NO,5 000.0,0,Milliseconds,DISABLE,0,Absolute,0,DISABLE,,,,,,,,,,,,,,
DI,A21_DI06,,Свободно программируемое реле событий Y1 ПИД регулятора. Уточнить,GE9,,PAC:I119,AUTO,ON,1,NO,On,Off,ENABLE,NONE,LOW,COS,DISABLE,NONE,NONE,NONE,YES,ALL,,,,,,,,,,,,,,,,,NONE,YES,NO,REJECT,NO,1 000,300 000,0,NO,NO,0,,NO,5 000.0,0,Milliseconds,DISABLE,0,Absolute,0,DISABLE,,,,,,,,,,,,,,
DI,A21_DI07,,Свободно программируемое реле событий Y2 ПИД регулятора. Уточнить,GE9,,PAC:I120,AUTO,ON,1,NO,On,Off,ENABLE,NONE,LOW,COS,DISABLE,NONE,NONE,NONE,YES,ALL,,,,,,,,,,,,,,,,,NONE,YES,NO,REJECT,NO,1 000,300 000,0,NO,NO,0,,NO,5 000.0,0,Milliseconds,DISABLE,0,Absolute,0,DISABLE,,,,,,,,,,,,,,
DI,A21_DI08,,Отклонение температуры более чем допустимое. ПИД регулятор,GE9,,PAC:I121,AUTO,ON,1,NO,On,Off,ENABLE,NONE,LOW,COS,DISABLE,NONE,NONE,NONE,YES,ALL,,,,,,,,,,,,,,,,,NONE,YES,NO,REJECT,NO,1 000,300 000,0,NO,NO,0,,NO,5 000.0,0,Milliseconds,DISABLE,0,Absolute,0,DISABLE,,,,,,,,,,,,,,
DI,A21_DI09,,ОШ ПИД регулятора. Уточнить назначение,GE9,,PAC:I122,AUTO,ON,1,NO,On,Off,ENABLE,NONE,LOW,COS,DISABLE,NONE,NONE,NONE,YES,ALL,,,,,,,,,,,,,,,,,NONE,YES,NO,REJECT,NO,1 000,300 000,0,NO,NO,0,,NO,5 000.0,0,Milliseconds,DISABLE,0,Absolute,0,DISABLE,,,,,,,,,,,,,,
DI,A21_DI10,,Авария ПИД регулятора,GE9,,PAC:I123,AUTO,ON,1,NO,On,Off,ENABLE,NONE,LOW,COS,DISABLE,NONE,NONE,NONE,YES,ALL,,,,,,,,,,,,,,,,,NONE,YES,NO,REJECT,NO,1 000,300 000,0,NO,NO,0,,NO,5 000.0,0,Milliseconds,DISABLE,0,Absolute,0,DISABLE,,,,,,,,,,,,,,
DI,A21_DI11,,Показания(Счетчик) расходомера,GE9,,PAC:I124,AUTO,ON,1,NO,On,Off,ENABLE,NONE,LOW,COS,DISABLE,NONE,NONE,NONE,YES,ALL,,,,,,,,,,,,,,,,,NONE,YES,NO,REJECT,NO,1 000,300 000,0,NO,NO,0,,NO,5 000.0,0,Milliseconds,DISABLE,0,Absolute,0,DISABLE,,,,,,,,,,,,,,
DI,A21_DI12,,Резерв,GE9,,PAC:I125,AUTO,ON,1,NO,On,Off,ENABLE,NONE,LOW,COS,DISABLE,NONE,NONE,NONE,YES,ALL,,,,,,,,,,,,,,,,,NONE,YES,NO,REJECT,NO,1 000,300 000,0,NO,NO,0,,NO,5 000.0,0,Milliseconds,DISABLE,0,Absolute,0,DISABLE,,,,,,,,,,,,,,
DI,A21_DI13,,Резерв,GE9,,PAC:I126,AUTO,ON,1,NO,On,Off,ENABLE,NONE,LOW,COS,DISABLE,NONE,NONE,NONE,YES,ALL,,,,,,,,,,,,,,,,,NONE,YES,NO,REJECT,NO,1 000,300 000,0,NO,NO,0,,NO,5 000.0,0,Milliseconds,DISABLE,0,Absolute,0,DISABLE,,,,,,,,,,,,,,
DI,A21_DI14,,Резерв,GE9,,PAC:I127,AUTO,ON,1,NO,On,Off,ENABLE,NONE,LOW,COS,DISABLE,NONE,NONE,NONE,YES,ALL,,,,,,,,,,,,,,,,,NONE,YES,NO,REJECT,NO,1 000,300 000,0,NO,NO,0,,NO,5 000.0,0,Milliseconds,DISABLE,0,Absolute,0,DISABLE,,,,,,,,,,,,,,
DI,A21_DI15,,Резерв,GE9,,PAC:I128,AUTO,ON,1,NO,On,Off,ENABLE,NONE,LOW,COS,DISABLE,NONE,NONE,NONE,YES,ALL,,,,,,,,,,,,,,,,,NONE,YES,NO,REJECT,NO,1 000,300 000,0,NO,NO,0,,NO,5 000.0,0,Milliseconds,DISABLE,0,Absolute,0,DISABLE,,,,,,,,,,,,,,
DI,A21_DI16,,Резерв,GE9,,PAC:I129,AUTO,ON,1,NO,On,Off,ENABLE,NONE,LOW,COS,DISABLE,NONE,NONE,NONE,YES,ALL,,,,,,,,,,,,,,,,,NONE,YES,NO,REJECT,NO,1 000,300 000,0,NO,NO,0,,NO,5 000.0,0,Milliseconds,DISABLE,0,Absolute,0,DISABLE,,,,,,,,,,,,,,
DI,A21_DI17,,Резерв,GE9,,PAC:I130,AUTO,ON,1,NO,On,Off,ENABLE,NONE,LOW,COS,DISABLE,NONE,NONE,NONE,YES,ALL,,,,,,,,,,,,,,,,,NONE,YES,NO,REJECT,NO,1 000,300 000,0,NO,NO,0,,NO,5 000.0,0,Milliseconds,DISABLE,0,Absolute,0,DISABLE,,,,,,,,,,,,,,
DI,A21_DI18,,Резерв,GE9,,PAC:I131,AUTO,ON,1,NO,On,Off,ENABLE,NONE,LOW,COS,DISABLE,NONE,NONE,NONE,YES,ALL,,,,,,,,,,,,,,,,,NONE,YES,NO,REJECT,NO,1 000,300 000,0,NO,NO,0,,NO,5 000.0,0,Milliseconds,DISABLE,0,Absolute,0,DISABLE,,,,,,,,,,,,,,
DI,A21_DI19,,Резерв,GE9,,PAC:I132,AUTO,ON,1,NO,On,Off,ENABLE,NONE,LOW,COS,DISABLE,NONE,NONE,NONE,YES,ALL,,,,,,,,,,,,,,,,,NONE,YES,NO,REJECT,NO,1 000,300 000,0,NO,NO,0,,NO,5 000.0,0,Milliseconds,DISABLE,0,Absolute,0,DISABLE,,,,,,,,,,,,,,
DI,A21_DI20,,Резерв,GE9,,PAC:I133,AUTO,ON,1,NO,On,Off,ENABLE,NONE,LOW,COS,DISABLE,NONE,NONE,NONE,YES,ALL,,,,,,,,,,,,,,,,,NONE,YES,NO,REJECT,NO,1 000,300 000,0,NO,NO,0,,NO,5 000.0,0,Milliseconds,DISABLE,0,Absolute,0,DISABLE,,,,,,,,,,,,,,
DI,A21_DI21,,Резерв,GE9,,PAC:I134,AUTO,ON,1,NO,On,Off,ENABLE,NONE,LOW,COS,DISABLE,NONE,NONE,NONE,YES,ALL,,,,,,,,,,,,,,,,,NONE,YES,NO,REJECT,NO,1 000,300 000,0,NO,NO,0,,NO,5 000.0,0,Milliseconds,DISABLE,0,Absolute,0,DISABLE,,,,,,,,,,,,,,
DI,A21_DI22,,Резерв,GE9,,PAC:I135,AUTO,ON,1,NO,On,Off,ENABLE,NONE,LOW,COS,DISABLE,NONE,NONE,NONE,YES,ALL,,,,,,,,,,,,,,,,,NONE,YES,NO,REJECT,NO,1 000,300 000,0,NO,NO,0,,NO,5 000.0,0,Milliseconds,DISABLE,0,Absolute,0,DISABLE,,,,,,,,,,,,,,
DI,A21_DI23,,Резерв,GE9,,PAC:I136,AUTO,ON,1,NO,On,Off,ENABLE,NONE,LOW,COS,DISABLE,NONE,NONE,NONE,YES,ALL,,,,,,,,,,,,,,,,,NONE,YES,NO,REJECT,NO,1 000,300 000,0,NO,NO,0,,NO,5 000.0,0,Milliseconds,DISABLE,0,Absolute,0,DISABLE,,,,,,,,,,,,,,
DI,A21_DI24,,Резерв,GE9,,PAC:I137,AUTO,ON,1,NO,On,Off,ENABLE,NONE,LOW,COS,DISABLE,NONE,NONE,NONE,YES,ALL,,,,,,,,,,,,,,,,,NONE,YES,NO,REJECT,NO,1 000,300 000,0,NO,NO,0,,NO,5 000.0,0,Milliseconds,DISABLE,0,Absolute,0,DISABLE,,,,,,,,,,,,,,
DI,A21_DI25,,Резерв,GE9,,PAC:I138,AUTO,ON,1,NO,On,Off,ENABLE,NONE,LOW,COS,DISABLE,NONE,NONE,NONE,YES,ALL,,,,,,,,,,,,,,,,,NONE,YES,NO,REJECT,NO,1 000,300 000,0,NO,NO,0,,NO,5 000.0,0,Milliseconds,DISABLE,0,Absolute,0,DISABLE,,,,,,,,,,,,,,
DI,A21_DI26,,Контроль стыковки 1. Уточнить.,GE9,,PAC:I139,AUTO,ON,1,NO,On,Off,ENABLE,NONE,LOW,COS,DISABLE,NONE,NONE,NONE,YES,ALL,,,,,,,,,,,,,,,,,NONE,YES,NO,REJECT,NO,1 000,300 000,0,NO,NO,0,,NO,5 000.0,0,Milliseconds,DISABLE,0,Absolute,0,DISABLE,,,,,,,,,,,,,,
DI,A21_DI27,,Контроль стыковки 2. Уточнить.,GE9,,PAC:I140,AUTO,ON,1,NO,On,Off,ENABLE,NONE,LOW,COS,DISABLE,NONE,NONE,NONE,YES,ALL,,,,,,,,,,,,,,,,,NONE,YES,NO,REJECT,NO,1 000,300 000,0,NO,NO,0,,NO,5 000.0,0,Milliseconds,DISABLE,0,Absolute,0,DISABLE,,,,,,,,,,,,,,
DI,A21_DI28,,Контроль стыковки 3. Уточнить.,GE9,,PAC:I141,AUTO,ON,1,NO,On,Off,ENABLE,NONE,LOW,COS,DISABLE,NONE,NONE,NONE,YES,ALL,,,,,,,,,,,,,,,,,NONE,YES,NO,REJECT,NO,1 000,300 000,0,NO,NO,0,,NO,5 000.0,0,Milliseconds,DISABLE,0,Absolute,0,DISABLE,,,,,,,,,,,,,,
DI,A21_DI29,,Контроль стыковки 4. Уточнить.,GE9,,PAC:I142,AUTO,ON,1,NO,On,Off,ENABLE,NONE,LOW,COS,DISABLE,NONE,NONE,NONE,YES,ALL,,,,,,,,,,,,,,,,,NONE,YES,NO,REJECT,NO,1 000,300 000,0,NO,NO,0,,NO,5 000.0,0,Milliseconds,DISABLE,0,Absolute,0,DISABLE,,,,,,,,,,,,,,
DI,A21_DI30,,Контроль стыковки 5. Уточнить.,GE9,,PAC:I143,AUTO,ON,1,NO,On,Off,ENABLE,NONE,LOW,COS,DISABLE,NONE,NONE,NONE,YES,ALL,,,,,,,,,,,,,,,,,NONE,YES,NO,REJECT,NO,1 000,300 000,0,NO,NO,0,,NO,5 000.0,0,Milliseconds,DISABLE,0,Absolute,0,DISABLE,,,,,,,,,,,,,,
DI,A21_DI31,,Контроль стыковки 6. Уточнить.,GE9,,PAC:I144,AUTO,ON,1,NO,On,Off,ENABLE,NONE,LOW,COS,DISABLE,NONE,NONE,NONE,YES,ALL,,,,,,,,,,,,,,,,,NONE,YES,NO,REJECT,NO,1 000,300 000,0,NO,NO,0,,NO,5 000.0,0,Milliseconds,DISABLE,0,Absolute,0,DISABLE,,,,,,,,,,,,,,
DI,DI_SIM,,used to simulate DI tags,SIM,,0:00,AUTO,ON,1,NO,On,Off,ENABLE,NONE,LOW,COS,DISABLE,NONE,NONE,NONE,YES,ALL,,,,,,,,,,,,,,,,,NONE,YES,NO,REJECT,NO,1 000,300 000,0,NO,NO,0,,NO,5 000.0,0,Milliseconds,DISABLE,0,Absolute,0,DISABLE,,,,,,,,,,,,,,
,,,,,,,,,,,,,,,,,,,,,,,,,,,,,,,,,,,,,,,,,,,,,,,,,,,,,,,,,,,,,,,,,,,,,,,,,
[BLOCK TYPE,Tag,Next block,Description,I/O device,H/W options,I/O address,Open tag,Close tag,Cold start value,Invert output,Event messages,Alarm enable,Alarm area(S),Security area 1,Security area 2,Security area 3,Alarm area 1,Alarm area 2,Alarm area 3,Alarm area 4,Alarm area 5,Alarm area 6,Alarm area 7,Alarm area 8,Alarm area 9,Alarm area 10,Alarm area 11,Alarm area 12,Alarm area 13,Alarm area 14,Alarm area 15,User field 1,User field 2,ESIG type,ESIG allow cont use,ESIG xmpt alarm ack,ESIG unsigned writes,ESIG cmnt required,PDR update rate,PDR access time,PDR deadband,PDR latch,PDR disable output,PDR array length,Hist tag description,Hist collect,Hist interval,Hist offset,Hist time resolution,Hist compression,Hist deadband,Hist compress type,Hist compress time,Write if different],,,,,,,,,,,,,,,,,,,
!A_NAME,A_TAG,A_NEXT,A_DESC,A_IODV,A_IOHT,A_IOAD,A_OPENDESC,A_CLOSEDESC,A_COLD,A_INV,A_EVENT,A_IENAB,A_ADI,A_SA1,A_SA2,A_SA3,A_AREA1,A_AREA2,A_AREA3,A_AREA4,A_AREA5,A_AREA6,A_AREA7,A_AREA8,A_AREA9,A_AREA10,A_AREA11,A_AREA12,A_AREA13,A_AREA14,A_AREA15,A_ALMEXT1,A_ALMEXT2,A_ESIGTYPE,A_ESIGCONT,A_ESIGACK,A_ESIGTRAP,A_ESIGREQ_COMMENT,A_PDR_UPDATERATE,A_PDR_ACCESSTIME,A_PDR_DEADBAND,A_PDR_LATCHDATA,A_PDR_DISABLEOUT,A_PDR_ARRAYLENGTH,A_HIST_DESC,A_HIST_COLLECT,A_HIST_INTERVAL,A_HIST_OFFSET,A_HIST_TIMERES,A_HIST_COMPRESS,A_HIST_DEADBAND,A_HIST_COMPTYPE,A_HIST_COMPTIME,A_WRITEONDIFF!,,,,,,,,,,,,,,,,,,,
DO,ISTK2DB,,,SIM,,0:00,OPEN,CLOSE,CLOSE,NO,DISABLE,DISABLE,NONE,NONE,NONE,NONE,ALL,,,,,,,,,,,,,,,,,NONE,YES,NO,REJECT,NO,1 000,300 000,0,NO,NO,0,,NO,5 000.0,0,Milliseconds,DISABLE,0,Absolute,0,NO,,,,,,,,,,,,,,,,,,,
,,,,,,,,,,,,,,,,,,,,,,,,,,,,,,,,,,,,,,,,,,,,,,,,,,,,,,,,,,,,,,,,,,,,,,,,,
[-------------------------------------------------End of Block List-------------------------------------------------],,,,,,,,,,,,,,,,,,,,,,,,,,,,,,,,,,,,,,,,,,,,,,,,,,,,,,,,,,,,,,,,,,,,,,,,,
